{"nVersion":1,"logoPosition":{"pinnedPosition":"CenterCenter","nWidthPct":25.562579013906443,"nHeightPct":61.30555555555555}}