{"nVersion":1,"logoPosition":{"pinnedPosition":"BottomLeft","nWidthPct":98.33483348334833,"nHeightPct":67.70833333333334}}