{"nVersion":1,"logoPosition":{"pinnedPosition":"CenterCenter","nWidthPct":36.85208596713022,"nHeightPct":32.638888888888914}}