{"nVersion":1,"logoPosition":{"pinnedPosition":"BottomLeft","nWidthPct":37.605562579013906,"nHeightPct":51.38888888888889}}