{"nVersion":1,"logoPosition":{"pinnedPosition":"CenterCenter","nWidthPct":21.679371654517595,"nHeightPct":31.05555555555557}}