{"nVersion":1,"logoPosition":{"pinnedPosition":"CenterCenter","nWidthPct":69.44014401440145,"nHeightPct":70.80555555555554}}