{"nVersion":1,"logoPosition":{"pinnedPosition":"BottomCenter","nWidthPct":27.505689001264216,"nHeightPct":40.80555555555557}}