{"nVersion":1,"logoPosition":{"pinnedPosition":"CenterCenter","nWidthPct":51.49557522123894,"nHeightPct":80.55555555555554}}