{"nVersion":1,"logoPosition":{"pinnedPosition":"CenterCenter","nWidthPct":42.163084702907696,"nHeightPct":36.02777777777778}}