{"nVersion":1,"logoPosition":{"pinnedPosition":"CenterCenter","nWidthPct":44.82890900721188,"nHeightPct":24.65277777777777}}