{"nVersion":1,"logoPosition":{"pinnedPosition":"CenterCenter","nWidthPct":59.47155499367889,"nHeightPct":82.30555555555557}}