{"nVersion":1,"logoPosition":{"pinnedPosition":"CenterCenter","nWidthPct":32.035398230088504,"nHeightPct":87.97222222222223}}