{"nVersion":1,"logoPosition":{"pinnedPosition":"CenterCenter","nWidthPct":23.577749683944376,"nHeightPct":65.97222222222223}}