{"nVersion":1,"logoPosition":{"pinnedPosition":"BottomCenter","nWidthPct":34.03792667509481,"nHeightPct":43.74999999999997}}