{"nVersion":1,"logoPosition":{"pinnedPosition":"CenterCenter","nWidthPct":66.12768647281922,"nHeightPct":27.72222222222223}}