{"nVersion":1,"logoPosition":{"pinnedPosition":"BottomCenter","nWidthPct":48.77551020408163,"nHeightPct":29.20833333333333}}