{"nVersion":1,"logoPosition":{"pinnedPosition":"CenterCenter","nWidthPct":51.390644753476636,"nHeightPct":85.72222222222223}}