{"nVersion":1,"logoPosition":{"pinnedPosition":"BottomCenter","nWidthPct":45.36082474226802,"nHeightPct":55.616972477064216}}