{"nVersion":1,"logoPosition":{"pinnedPosition":"CenterCenter","nWidthPct":51.80018001800181,"nHeightPct":61.80555555555554}}