{"nVersion":1,"logoPosition":{"pinnedPosition":"CenterCenter","nWidthPct":65.5069532237674,"nHeightPct":75.34722222222221}}