{"nVersion":1,"logoPosition":{"pinnedPosition":"CenterCenter","nWidthPct":38.892541087231386,"nHeightPct":71.81944444444446}}