{"nVersion":1,"logoPosition":{"pinnedPosition":"CenterCenter","nWidthPct":29.175726927939337,"nHeightPct":31.944444444444457}}