{"nVersion":1,"logoPosition":{"pinnedPosition":"CenterCenter","nWidthPct":24.633237641067012,"nHeightPct":88.44444444444443}}