{"nVersion":1,"logoPosition":{"pinnedPosition":"CenterCenter","nWidthPct":22.30973451327435,"nHeightPct":72.47222222222223}}