{"nVersion":1,"logoPosition":{"pinnedPosition":"CenterCenter","nWidthPct":20.942868604163323,"nHeightPct":69.69444444444443}}