{"nVersion":1,"logoPosition":{"pinnedPosition":"CenterCenter","nWidthPct":30.706350700702046,"nHeightPct":61.05555555555557}}