{"nVersion":1,"logoPosition":{"pinnedPosition":"BottomLeft","nWidthPct":33.34639696586598,"nHeightPct":22.694444444444457}}