{"nVersion":1,"logoPosition":{"pinnedPosition":"CenterCenter","nWidthPct":29.240324032403237,"nHeightPct":50.97222222222223}}