{"nVersion":1,"logoPosition":{"pinnedPosition":"CenterCenter","nWidthPct":47.2819216182048,"nHeightPct":38.888888888888886}}