{"nVersion":1,"logoPosition":{"pinnedPosition":"CenterCenter","nWidthPct":56.877346683354176,"nHeightPct":83.11111111111114}}